/admin    /#/admin      301
/about    /#/about      301
/services /#/services   301
/portfolio /#/portfolio 301
/blog     /#/blog       301
/labs     /#/labs       301
/contact  /#/contact    301
/admin/*  /#/admin      301
/labs/*   /#/labs       301
/*        /index.html   200
